\,synthetic_seen,synthetic_unseen,synthetic_contradictory,narrative_qa,multiple_docs
base_llm,0.053619384765625,0.1087646484375,0.0294189453125,0.0816650390625,0.15283203125
