\,synthetic_seen,synthetic_unseen,synthetic_contradictory,narrative_qa,multiple_docs
base_llm,0.05181884765625,0.11688232421875,0.027435302734375,0.1373291015625,0.072265625
