\,synthetic_seen,synthetic_unseen,synthetic_contradictory,narrative_qa,multiple_docs
base_llm,0.051513671875,0.1197509765625,0.0357666015625,0.152099609375,0.1776123046875
