\,synthetic_seen,synthetic_unseen,synthetic_contradictory,narrative_qa,multiple_docs
base_llm,0.0633544921875,0.11749267578125,0.043060302734375,0.142578125,0.164794921875
