\,synthetic_seen,synthetic_unseen,synthetic_contradictory,narrative_qa,multiple_docs
base_llm,0.037750244140625,0.0958251953125,0.0251007080078125,0.07745361328125,0.0635986328125
