\,synthetic_seen,synthetic_unseen,synthetic_contradictory,narrative_qa,multiple_docs
base_llm,0.0455322265625,0.0982666015625,0.0282440185546875,0.07904052734375,0.08306884765625
